{'书名': '神奇校车・图画书版（全12册，新增科学博览会1册）', '作者': '(美)乔安娜柯尔著,(美)布鲁斯・迪根图', '出版日期': '2018-05-10', '_id': ObjectId('5e998d22fe6bcc8059196be0')}
{'书名': '你当像鸟飞往你的山（比尔・盖茨年度特别推荐，登顶《纽约时报》', '作者': '塔拉・韦斯特弗著，新经典出品', '出版日期': '2019-11-01', '_id': ObjectId('5e998d22fe6bcc8059196be1')}
{'书名': '小熊和最好的爸爸（全7册）', '作者': '（荷）阿兰德・丹姆著，（荷）亚历克斯・沃尔夫绘，漆仰平，爱桐译', '出版日期': '2007-11-01', '_id': ObjectId('5e998d22fe6bcc8059196be2')}
{'书名': '神奇校车・桥梁书版（全20册）', '作者': '乔安娜柯尔著布鲁斯迪根图施芳译', '出版日期': '2014-04-01', '_id': ObjectId('5e998d22fe6bcc8059196be3')}
{'书名': '人间失格（日本小说家太宰治的自传体小说，李现推荐）', '作者': '（日）太宰治著，杨伟译', '出版日期': '2015-08-01', '_id': ObjectId('5e998d22fe6bcc8059196be4')}
{'书名': '人生海海（麦家重磅新作！莫言、董卿、王家卫、高晓松、杨洋倾力', '作者': '麦家著，新经典出品', '出版日期': '2019-04-16', '_id': ObjectId('5e998d22fe6bcc8059196be5')}
{'书名': '我的神奇马桶（奇思妙趣三部曲）（全3册）', '作者': '[日]铃木典丈/著彭懿/译', '出版日期': '2019-04-01', '_id': ObjectId('5e998d22fe6bcc8059196be6')}
{'书名': '一看就会的思维导图启蒙绘本（歪歪兔童书馆出品）', '作者': '歪歪兔关键期早教项目组编绘', '出版日期': '2019-04-30', '_id': ObjectId('5e998d22fe6bcc8059196be7')}
{'书名': '宫西达也超级绘本（加法超人与算术星人+狐狸爸爸笑了等全11册）', '作者': '[日]宫西达也', '出版日期': '2019-02-01', '_id': ObjectId('5e998d22fe6bcc8059196be8')}
{'书名': '作家榜经典：月亮与六便士（畅销250万册！荣获2019当当名著桂冠！', '作者': '[英]毛姆著，徐淳刚译，作家榜经典出品，大星文化，高更绘', '出版日期': '2017-01-10', '_id': ObjectId('5e998d22fe6bcc8059196be9')}
{'书名': '正面管教(修订版)', '作者': '[美]简・尼尔森', '出版日期': '2016-07-01', '_id': ObjectId('5e998d22fe6bcc8059196bea')}
{'书名': '斯凯瑞金色童书・益智经典（百年诞辰纪念版，全4册）（原斯凯瑞金', '作者': '【美】理查德・斯凯瑞著李晓平等译', '出版日期': '2019-05-01', '_id': ObjectId('5e998d22fe6bcc8059196beb')}
{'书名': '野兽国（凯迪克金奖绘本，莫里斯桑达克代表品）', '作者': '莫里斯桑达克著宋��译', '出版日期': '2014-06-01', '_id': ObjectId('5e998d22fe6bcc8059196bec')}
{'书名': '乌合之众:大众心理研究', '作者': '(法)古斯塔夫・勒庞著，马晓佳译', '出版日期': '2018-04-06', '_id': ObjectId('5e998d22fe6bcc8059196bed')}
{'书名': '骆驼祥子・月牙儿（老舍经典小说，“北漂”祥子的奋斗与挣扎）', '作者': '老舍', '出版日期': '2017-09-01', '_id': ObjectId('5e998d22fe6bcc8059196bee')}
{'书名': '少年读史记（套装全5册）', '作者': '张嘉骅', '出版日期': '2015-09-01', '_id': ObjectId('5e998d22fe6bcc8059196bef')}
{'书名': '马尔克斯：百年孤独（50周年纪念版）', '作者': '加西亚・马尔克斯著，新经典出品', '出版日期': '2017-08-01', '_id': ObjectId('5e998d22fe6bcc8059196bf0')}
{'书名': '断舍离', '作者': '(日)山下英子', '出版日期': '2013-07-01', '_id': ObjectId('5e998d22fe6bcc8059196bf1')}
{'书名': '小威向前冲', '作者': '[美]尼古拉斯・艾伦著；漆仰平译', '出版日期': '2018-04-23', '_id': ObjectId('5e998d22fe6bcc8059196bf2')}
{'书名': '学会爱自己（全14册安全意识、行为习惯培养绘本）（必备安全教育', '作者': '珊蒂克雷文，茱蒂柏斯玛，佩特拉敏特尔（德），安德烈乌斯塔科夫（德）等', '出版日期': '2016-02-01', '_id': ObjectId('5e998d22fe6bcc8059196bf3')}
{'书名': '红楼梦原著版（上、下册）（全两册）（1-9年级必读书单）（团购电', '作者': '曹雪芹', '出版日期': '2013-01-01', '_id': ObjectId('5e998d2404b63021e1818099')}
{'书名': '深见春夫超级想象力图画书（全15册）', '作者': '深见春夫', '出版日期': '2019-05-15', '_id': ObjectId('5e998d2404b63021e181809a')}
{'书名': '花婆婆――清华附小推荐的经典绘本！美国国家图书奖作品！', '作者': '文/图：〔美〕芭芭拉库尼', '出版日期': '2019-11-11', '_id': ObjectId('5e998d2404b63021e181809b')}
{'书名': '杀死一只知更鸟（精装）', '作者': '哈珀・李著', '出版日期': '2017-02-01', '_id': ObjectId('5e998d2404b63021e181809c')}
{'书名': '了不起的我：自我发展的心理学（陈海贤重磅新作，得到App10万+付', '作者': '陈海贤得到出品', '出版日期': '2019-11-01', '_id': ObjectId('5e998d2404b63021e181809d')}
{'书名': '岛上书店（李现推荐，每个人的生命中，都有无比艰难的那一年，将', '作者': '（美）加・泽文GabrielleZevin著；孙仲旭、李玉瑶译；读客文化出品', '出版日期': '2015-05-08', '_id': ObjectId('5e998d2404b63021e181809e')}
{'书名': '乌鸦面包店（全5册）', '作者': '（日）加古里子著，（日）猿渡静子译，爱心树童书出品', '出版日期': '2015-01-01', '_id': ObjectId('5e998d2404b63021e181809f')}
{'书名': '大问题：简明哲学导论（第10版）', '作者': '[美]罗伯特・所罗门（RobertC.Solomon）凯思林・希金斯（KathleenM.Higgins）著张卜天译', '出版日期': '2018-07-12', '_id': ObjectId('5e998d2404b63021e18180a0')}
{'书名': '猜猜我是谁系列套装（全4册）', '作者': '（美）尼娜兰登著，张芳译', '出版日期': '2014-11-01', '_id': ObjectId('5e998d2404b63021e18180a1')}
{'书名': '东野圭吾：恶意（2016版，东野圭吾四大杰作之一）', '作者': '东野圭吾著，娄美莲译，新经典出品', '出版日期': '2016-11-01', '_id': ObjectId('5e998d2404b63021e18180a2')}
{'书名': '乌丢丢的奇遇曹文轩推荐儿童文学经典书系33万多名读者热评！', '作者': '金波著', '出版日期': '2015-04-01', '_id': ObjectId('5e998d2404b63021e18180a3')}
{'书名': '疯狂植物城', '作者': '[英]凯瑟琳娜・马诺利索?著?静博?译', '出版日期': '2019-11-01', '_id': ObjectId('5e998d2404b63021e18180a4')}
{'书名': '十万个为什么统编语文教科书四年级（下）指定阅读（中小学新课标', '作者': '（苏）米伊林', '出版日期': '2018-10-01', '_id': ObjectId('5e998d2404b63021e18180a5')}
{'书名': '神奇的逻辑思维游戏书', '作者': '【日】索尼国际教育公司著，阳光博客出品', '出版日期': '2018-10-01', '_id': ObjectId('5e998d2404b63021e18180a6')}
{'书名': '神奇校车・阅读版（全16册）-儿童文学', '作者': '乔安娜柯尔、布鲁斯迪根著，漆仰平，汪晓英，静博译', '出版日期': '2011-06-01', '_id': ObjectId('5e998d2404b63021e18180a7')}
{'书名': '共情的力量：情商高的人，如何抚慰受伤的灵魂', '作者': '[美]亚瑟・乔拉米卡利(ArthurCiaramicoli)[美]凯瑟琳・柯茜(KatherineKetcham)著，开森心理出品', '出版日期': '2019-01-01', '_id': ObjectId('5e998d2404b63021e18180a8')}
{'书名': '地下水下-手绘百科绘本', '作者': '[波]亚历山德拉米热林斯卡，[波]丹尼尔米热林斯基著，乌兰译', '出版日期': '2015-12-01', '_id': ObjectId('5e998d2404b63021e18180a9')}
{'书名': '学会爱自己（安全意识篇）防性侵、防诱拐！儿童必备安全教育图画', '作者': '（美）珊蒂克雷文等著，（美）茱蒂柏斯玛等绘，刘敏译', '出版日期': '2017-09-10', '_id': ObjectId('5e998d2404b63021e18180aa')}
{'书名': '魔法拼音国（套装共7册）', '作者': '姜自霞', '出版日期': '2017-05-01', '_id': ObjectId('5e998d2404b63021e18180ab')}
{'书名': '格局（新版）：思维决定出路，格局决定结局', '作者': '何权峰著,悦读纪出品', '出版日期': '2019-08-01', '_id': ObjectId('5e998d2404b63021e18180ac')}
{'书名': '信谊世界精选图画书・猜猜我有多爱你', '作者': '[英]麦克布雷尼编文；[英]婕朗绘；梅子涵译', '出版日期': '2018-01-01', '_id': ObjectId('5e998d24dd341161099f2330')}
{'书名': '皮囊（360万册纪念版。直面人生的终极问题，刻在骨头里的故事，容', '作者': '蔡崇达，果麦文化出品', '出版日期': '2019-05-01', '_id': ObjectId('5e998d24dd341161099f2331')}
{'书名': '皮特猫・3~6岁好性格养成书：第一辑（套装共6册）（乐观、积极、', '作者': '[美]艾瑞克・利温、[美]詹姆斯・迪安著；彭懿、杨玲玲译；读客文化出品', '出版日期': '2018-07-01', '_id': ObjectId('5e998d24dd341161099f2332')}
{'书名': '不可思议的旅程（凯迪克大奖绘本三部曲）', '作者': '[美]艾伦・贝克尔著，爱心树童书出品', '出版日期': '2016-09-01', '_id': ObjectId('5e998d24dd341161099f2333')}
{'书名': '宫西达也恐龙系列全套7册（你看起来好像很好吃+我是霸王龙等）', '作者': '宫西达也文/图，杨文晓晗译', '出版日期': '2016-11-01', '_id': ObjectId('5e998d24dd341161099f2334')}
{'书名': '不一样的卡梅拉手绘本（1-12册）', '作者': '（法）克利斯提昂约里波瓦著郑迪蔚译,（法）克利斯提昂艾利施绘', '出版日期': '2013-06-01', '_id': ObjectId('5e998d24dd341161099f2335')}
{'书名': '胡萝卜怪', '作者': '【美】阿伦・雷诺兹文【美】彼得・布朗图杨玲玲彭懿译', '出版日期': '2018-10-01', '_id': ObjectId('5e998d24dd341161099f2336')}
{'书名': '窗边的小豆豆(2018版)', '作者': '（日）黑柳彻子，爱心树童书出品', '出版日期': '2018-05-01', '_id': ObjectId('5e998d24dd341161099f2337')}
{'书名': '不吼不叫：如何平静地让孩子与父母合作', '作者': '[美]罗娜・雷纳著,钟煜译青豆书坊出品', '出版日期': '2016-03-01', '_id': ObjectId('5e998d24dd341161099f2338')}
{'书名': '斯凯瑞金色童书・忙忙碌碌的一天（全3册）', '作者': '（美）斯凯瑞著，谢旭华译', '出版日期': '2007-10-01', '_id': ObjectId('5e998d24dd341161099f2339')}
{'书名': '拼音真好玩（全彩6册）（从幼小衔接到一年级，拼音学习必备启蒙书', '作者': '周霞著段张取艺绘', '出版日期': '2018-10-15', '_id': ObjectId('5e998d24dd341161099f233a')}
{'书名': '追风筝的人（2018年新版）', '作者': '[美]卡勒德・胡赛尼（KhaledHosseini）著，李继宏译', '出版日期': '2006-05-01', '_id': ObjectId('5e998d24dd341161099f233b')}
{'书名': '罗生门（芥川龙之介小说集）《人间失格》作者太宰治是芥川的头号', '作者': '［日］芥川龙之介著，高慧勤译', '出版日期': '2017-12-01', '_id': ObjectId('5e998d24dd341161099f233c')}
{'书名': '养育男孩（典藏版）', '作者': '(澳)史蒂夫・比达尔夫', '出版日期': '2019-09-10', '_id': ObjectId('5e998d24dd341161099f233d')}
{'书名': '漫长的告别（怪不得村上春树读了12遍！每每陷入困境，村上春树便', '作者': '雷蒙德・钱德勒著；姚向辉译；读客文化出品', '出版日期': '2018-08-23', '_id': ObjectId('5e998d24dd341161099f233e')}
{'书名': '世界博物馆奇妙之旅（全5册，专为孩子打造的博物通识启蒙绘本。复', '作者': '徐晓燕黄纷纷蒋佳宁著，布克布克绘，张荣梅策划，小当当童书馆出品', '出版日期': '2019-08-01', '_id': ObjectId('5e998d24dd341161099f233f')}
{'书名': '亲密关系：通往灵魂的桥梁（新版）', '作者': '（加）克里斯多福・孟著,博集天卷出品', '出版日期': '2019-04-01', '_id': ObjectId('5e998d24dd341161099f2340')}
{'书名': '丰子恺万般滋味，都是生活', '作者': '丰子恺', '出版日期': '2018-09-01', '_id': ObjectId('5e998d24dd341161099f2341')}
{'书名': '蒲公英・英语拼读王（全12册+9CD＋6DVD光盘）', '作者': '林素娥、谢静惠文，［意］弗兰切斯卡・阿西雷利图', '出版日期': '2018-05-24', '_id': ObjectId('5e998d24dd341161099f2342')}
{'书名': '小熊宝宝绘本（2018版全15册）蒲蒲兰经典畅销绘本！新手妈妈的育', '作者': '佐佐木洋子文/图，蒲蒲兰译', '出版日期': '2007-05-16', '_id': ObjectId('5e998d24dd341161099f2343')}
{'书名': '地图人文版（升级版）手绘世界地图儿童百科绘本', '作者': '[波]亚历山德拉・米热林斯卡，[波]丹尼尔・米热林斯基著，冯婷等译', '出版日期': '2018-11-01', '_id': ObjectId('5e998d2bfe6bcc8059196bf4')}
{'书名': '人间值得（90岁心理医生恒子奶奶写给生活的哲思小书。十点读书、', '作者': '[日]中村恒子（恒子奶奶）著，紫图出品', '出版日期': '2019-09-01', '_id': ObjectId('5e998d2bfe6bcc8059196bf5')}
{'书名': '妙想科学（全12册）', '作者': '(美)罗伯特・E・韦尔斯著;于姝静博译', '出版日期': '2018-09-01', '_id': ObjectId('5e998d2bfe6bcc8059196bf6')}
{'书名': '流浪的地球（刘慈欣著，无删节无改写，大人孩子均可阅读，此版本', '作者': '刘慈欣著，张荣梅策划，小当当童书馆出品', '出版日期': '2018-05-01', '_id': ObjectId('5e998d2bfe6bcc8059196bf7')}
{'书名': '房思琪的初恋乐园', '作者': '林奕含著，磨铁图书出品', '出版日期': '2018-02-01', '_id': ObjectId('5e998d2bfe6bcc8059196bf8')}
{'书名': '我们的身体', '作者': '[法]艾德兰文，[法]巴尔博里尼绘，荣信教育出品', '出版日期': '2012-06-01', '_id': ObjectId('5e998d2bfe6bcc8059196bf9')}
{'书名': '奇先生妙小姐・全新译本（全83册）', '作者': '[英]罗杰・哈格里维斯著，童趣出版有限公司编', '出版日期': '2014-03-01', '_id': ObjectId('5e998d2bfe6bcc8059196bfa')}
{'书名': '我的第一本地理启蒙书', '作者': '郑利强段虹(绘)步印童书出品', '出版日期': '2016-06-01', '_id': ObjectId('5e998d2bfe6bcc8059196bfb')}
{'书名': '东野圭吾：白夜行（易烊千玺、孟非推荐，东野圭吾作品无冕之王）', '作者': '[日]东野圭吾著，新经典出品', '出版日期': '2017-08-09', '_id': ObjectId('5e998d2bfe6bcc8059196bfc')}
{'书名': '三体：全三册刘慈欣代表作，亚洲首部“雨果奖”获奖作品！', '作者': '刘慈欣', '出版日期': '2010-11-01', '_id': ObjectId('5e998d2bfe6bcc8059196bfd')}
{'书名': '平凡的世界：全三册（故事里的中国，董卿、朱一龙推荐，八年级下', '作者': '路遥著，新经典出品', '出版日期': '2017-06-01', '_id': ObjectId('5e998d2bfe6bcc8059196bfe')}
{'书名': '太空-手绘百科绘本', '作者': '[波]亚历山德拉・米热林斯卡，丹尼尔・米热林斯基著，乌兰刘博洋译', '出版日期': '2016-11-19', '_id': ObjectId('5e998d2bfe6bcc8059196bff')}
{'书名': '皮特猫・3~6岁好性格养成书：共四辑（套装1~4辑）（乐观、自信、', '作者': '詹姆斯・迪安，艾瑞克・利温，金柏莉・迪安著；彭懿，杨玲玲，常立，余治莹译；读客文化出品', '出版日期': '2018-08-17', '_id': ObjectId('5e998d2bfe6bcc8059196c00')}
{'书名': '云边有个小卖部', '作者': '张嘉佳著,博集天卷出品', '出版日期': '2018-07-01', '_id': ObjectId('5e998d2bfe6bcc8059196c01')}
{'书名': '你想活出怎样的人生（宫崎骏从10岁读到70岁的小说，同名电影制作', '作者': '（日）吉野源三郎著，（日）胁田和绘，新经典出品', '出版日期': '2019-08-01', '_id': ObjectId('5e998d2bfe6bcc8059196c02')}
{'书名': '神奇校车・动画版（全10册）', '作者': '作者:乔安娜柯尔著,布鲁斯迪根绘,漆仰平译', '出版日期': '2011-04-05', '_id': ObjectId('5e998d2bfe6bcc8059196c03')}
{'书名': '笑背古诗：漫画版（全4册），中国诗词大会点评嘉宾推荐含小学生', '作者': '刘义良著，夏和绘', '出版日期': '2019-05-01', '_id': ObjectId('5e998d2bfe6bcc8059196c04')}
{'书名': '你好！数学（超值礼品盒装，共30册）', '作者': '申惠恩等文，赵美子等图，仇艳等译', '出版日期': '2012-04-01', '_id': ObjectId('5e998d2bfe6bcc8059196c05')}
{'书名': '写给儿童的中国历史（全14册）', '作者': '陈卫平著步印童书出品', '出版日期': '2014-04-01', '_id': ObjectId('5e998d2bfe6bcc8059196c06')}
{'书名': '新课标边城（沈从文代表作教育部推荐中小学必读）', '作者': '沈从文', '出版日期': '2019-04-01', '_id': ObjectId('5e998d2bfe6bcc8059196c07')}
{'书名': '谈判：如何在博弈中获得更多(第四版)EverythingisNegotiable', '作者': '(英)盖温・肯尼迪(GavinKennedy)', '出版日期': '2018-04-06', '_id': ObjectId('5e998d2cdd341161099f2344')}
{'书名': '100层的房子（全4册，《100层的房子》+《地下100层的房子》+《海', '作者': '[日]岩井俊雄', '出版日期': '2018-08-01', '_id': ObjectId('5e998d2cdd341161099f2345')}
{'书名': 'DK幼儿百科全书――那些重要的事', '作者': '英国DK公司', '出版日期': '2017-07-01', '_id': ObjectId('5e998d2cdd341161099f2346')}
{'书名': '爱心树（2018版）', '作者': '（美）谢尔・希尔弗斯坦著绘，爱心树童书出品', '出版日期': '2018-01-01', '_id': ObjectId('5e998d2cdd341161099f2347')}
{'书名': '小红火车大冒险故事绘本系列(全7册)', '作者': '（英）本尼迪克特・布拉瑟韦特文，杨玲玲、彭懿译', '出版日期': '2014-08-01', '_id': ObjectId('5e998d2cdd341161099f2348')}
{'书名': '小王子（袁泉、王一博推荐，畅销380万册，1166229条当当读者五星', '作者': '（法）安托万・德・圣埃克苏佩里，译者李继宏，果麦文化出品', '出版日期': '2018-06-03', '_id': ObjectId('5e998d2cdd341161099f2349')}
{'书名': '斯凯瑞金色童书・故事经典（百年诞辰纪念版，全8册）', '作者': '【美】理查德・斯凯瑞等著张��等译', '出版日期': '2019-05-01', '_id': ObjectId('5e998d2cdd341161099f234a')}
{'书名': '无声告白（我们终此一生，就是要摆脱他人的期待，找到真正的自己', '作者': '（美）伍绮诗著，孙璐译；读客文化出品', '出版日期': '2016-09-01', '_id': ObjectId('5e998d2cdd341161099f234b')}
{'书名': '小鸡球球触感玩具书：全5册', '作者': '[日]入山智著绘；崔维燕译；心喜阅童书出品', '出版日期': '2016-11-15', '_id': ObjectId('5e998d2cdd341161099f234c')}
{'书名': '福尔摩斯探案集（中小学新课标必读名著）130000多名读者热评！', '作者': '(英）柯南道尔，童趣出版有限公司', '出版日期': '2014-03-01', '_id': ObjectId('5e998d2cdd341161099f234d')}
{'书名': '资治通鉴少年简读版(套装全4册）四册盒装，精华简读；史家打造，', '作者': '何孝荣侯振龙', '出版日期': '2019-05-01', '_id': ObjectId('5e998d2cdd341161099f234e')}
{'书名': '月亮和六便士（全新导读无删节详注版！半年创当当110000名读者五', '作者': '〔英〕毛姆著苏福忠译', '出版日期': '2017-09-01', '_id': ObjectId('5e998d2cdd341161099f234f')}
{'书名': '如何说孩子才会听怎么听孩子才肯说（全新修订版，涂磊推荐）', '作者': '（美）玛兹丽施著，安燕玲译青豆书坊出品', '出版日期': '2016-09-01', '_id': ObjectId('5e998d2cdd341161099f2350')}
{'书名': '德国精选科学图画书（肚子里有个火车站+牙齿大街的新鲜事，套装', '作者': '〔德〕安娜・鲁斯曼', '出版日期': '2017-06-01', '_id': ObjectId('5e998d2cdd341161099f2351')}
{'书名': '细菌世界历险记又名:灰尘的旅行统编小学语文教材四年级下册快乐', '作者': '高士其，童趣出版有限公司编', '出版日期': '2016-09-01', '_id': ObjectId('5e998d2cdd341161099f2352')}
{'书名': '把坏脾气收起来', '作者': '〔美〕卡罗尔・罗思，（美）拉申・凯里耶', '出版日期': '2017-08-01', '_id': ObjectId('5e998d2cdd341161099f2353')}
{'书名': '我爸爸+我妈妈（全2册）――清华附小推荐经典儿童绘本！（启发童', '作者': '〔英〕安东尼?布朗', '出版日期': '2019-10-01', '_id': ObjectId('5e998d2cdd341161099f2354')}
{'书名': '东野圭吾：解忧杂货店（胡歌、王俊凯、刘昊然倾情推荐，东野圭吾', '作者': '(日)东野圭吾著，新经典出品', '出版日期': '2014-05-01', '_id': ObjectId('5e998d2cdd341161099f2355')}
{'书名': '富爸爸穷爸爸（新版本）当当投资理财类畅销图书！本版随书附赠价', '作者': '【美】罗伯特・清崎萧明译', '出版日期': '2019-08-01', '_id': ObjectId('5e998d2cdd341161099f2356')}
{'书名': '内裤怪', '作者': '【美】阿伦・雷诺兹文【美】彼得・布朗图杨玲玲彭懿译', '出版日期': '2019-07-01', '_id': ObjectId('5e998d2cdd341161099f2357')}
{'书名': '黄金时代（手稿珍藏版）', '作者': '王小波著，新经典出品', '出版日期': '2017-04-01', '_id': ObjectId('5e998d2d04b63021e18180ad')}
{'书名': '精准努力：刘媛媛的逆袭课', '作者': '刘媛媛著,博集天卷出品', '出版日期': '2019-10-15', '_id': ObjectId('5e998d2d04b63021e18180ae')}
{'书名': '有故事的汉字第1辑（当当独家订制版，全3册）', '作者': '邱昭瑜', '出版日期': '2015-01-06', '_id': ObjectId('5e998d2d04b63021e18180af')}
{'书名': '如果你有动物的鼻子（套装全5册）', '作者': '[美]桑德拉・马克尔', '出版日期': '2018-10-20', '_id': ObjectId('5e998d2d04b63021e18180b0')}
{'书名': '半小时漫画中国史1-4+世界史（共5册）（独家签章版）（看半小时漫', '作者': '陈磊', '出版日期': '2019-09-26', '_id': ObjectId('5e998d2d04b63021e18180b1')}
{'书名': '彩虹色的花', '作者': '麦克?格雷涅茨', '出版日期': '2018-07-01', '_id': ObjectId('5e998d2d04b63021e18180b2')}
{'书名': '银火箭少年科幻系列（8册。亚洲首位“雨果奖”得主刘慈欣主编，', '作者': '刘慈欣、[英]赫伯特・乔治・威尔斯、[英]玛丽・雪莱等著，张荣梅策划，小当当童书馆出品', '出版日期': '2018-04-02', '_id': ObjectId('5e998d2d04b63021e18180b3')}
{'书名': '0-4岁幼儿认知小百科（全3册)', '作者': '[日]吉田纯子绘；徐超译；心喜阅童书出品', '出版日期': '2014-02-01', '_id': ObjectId('5e998d2d04b63021e18180b4')}
{'书名': '四五快读全彩图升级版――幼儿快速识字阅读法（全8册）(让孩子爱', '作者': '杨其铎著', '出版日期': '2012-02-01', '_id': ObjectId('5e998d2d04b63021e18180b5')}
{'书名': '枪炮、病菌与钢铁――人类社会的命运(修订版）', '作者': '[美]贾雷德・戴蒙德著谢延光译', '出版日期': '2016-07-01', '_id': ObjectId('5e998d2d04b63021e18180b6')}
{'书名': '挪威的森林（2018年新版，村上春树的残酷青春物语，现象级的超级', '作者': '【日】村上春树林少华译', '出版日期': '2018-03-01', '_id': ObjectId('5e998d2d04b63021e18180b7')}
{'书名': '国际大奖小说（全6册）-蒲公英儿童文学馆出品', '作者': '［美］杰奎琳・凯利［美］文斯・沃特?［美］兰德尔・赖特等著；马爱农刘清彦舒杭丽肖毛陈静抒译', '出版日期': '2019-04-01', '_id': ObjectId('5e998d2d04b63021e18180b8')}
{'书名': '谁藏起来了（2018版）', '作者': '著大西悟，译蒲蒲兰', '出版日期': '2018-06-01', '_id': ObjectId('5e998d2d04b63021e18180b9')}
{'书名': '柳林风声', '作者': '作者:[英]肯尼斯格雷厄姆著；[英]大卫罗伯茨绘；杨静远译', '出版日期': '2013-08-15', '_id': ObjectId('5e998d2d04b63021e18180ba')}
{'书名': '独一无二的你+勇敢做自己', '作者': '（美）克兰兹著，薛亚男译', '出版日期': '2013-02-01', '_id': ObjectId('5e998d2d04b63021e18180bb')}
{'书名': '半小时漫画经济学：生活常识篇+金融危机篇（套装共2册）（半小时', '作者': '陈磊・半小时漫画团队', '出版日期': '2019-10-15', '_id': ObjectId('5e998d2d04b63021e18180bc')}
{'书名': '我不敢说，我怕被骂――邓超微博推荐的绘本带给孩子更多勇气和自', '作者': '文：〔荷兰〕皮姆?范?赫斯特图：〔荷兰〕妮可?塔斯马', '出版日期': '2019-11-01', '_id': ObjectId('5e998d2d04b63021e18180bd')}
{'书名': '可爱的身体（全8册）', '作者': '[日]七尾纯小林雅子文[日]今井弓子等图，爱心树童书出品', '出版日期': '2010-01-01', '_id': ObjectId('5e998d2d04b63021e18180be')}
{'书名': '天才在左疯子在右(2018全新完整版)', '作者': '高铭著，磨铁图书出品', '出版日期': '2018-05-01', '_id': ObjectId('5e998d2d04b63021e18180bf')}
{'书名': '是谁嗯嗯在我的头上――邓超微博推荐的绘本带给孩子更多勇气和自', '作者': '文：〔德〕维尔纳霍尔茨瓦特（WernerHolzwarth）著，方素珍译', '出版日期': '2019-11-01', '_id': ObjectId('5e998d2d04b63021e18180c0')}
{'书名': '走遍中国图说天下寻梦之旅', '作者': '霍晨昕', '出版日期': '2019-02-01', '_id': ObjectId('5e998d33fe6bcc8059196c08')}
{'书名': '米小圈上学记一年级（套装共4册）', '作者': '北猫', '出版日期': '2018-04-01', '_id': ObjectId('5e998d33fe6bcc8059196c09')}
{'书名': '失落的一角（2018版）', '作者': '谢尔・希尔弗斯坦，爱心树童书出品', '出版日期': '2018-01-01', '_id': ObjectId('5e998d33fe6bcc8059196c0a')}
{'书名': '人性的弱点（薛之谦推荐，改变股神巴菲特的一生，畅销200万册）【', '作者': '戴尔・卡耐基著，陶��译，果麦文化出品', '出版日期': '2014-09-01', '_id': ObjectId('5e998d33fe6bcc8059196c0b')}
{'书名': '一古拉的岔路口冒险：全3册', '作者': '[日]幼发拉底著/绘；王维幸译；心喜阅童书出品；', '出版日期': '2018-05-01', '_id': ObjectId('5e998d33fe6bcc8059196c0c')}
{'书名': '小鸡鸡的故事+乳房的故事（全2册，性教育套装2018版）', '作者': '文山本直英，绘佐藤真纪子，译蒲蒲兰', '出版日期': '2018-04-11', '_id': ObjectId('5e998d33fe6bcc8059196c0d')}
{'书名': '神奇的数学（礼品装，包含11本纸板书和11本练习册）', '作者': '天才教育', '出版日期': '2018-04-01', '_id': ObjectId('5e998d33fe6bcc8059196c0e')}
{'书名': '这就是二十四节气：升级版全四册(文津图书奖获奖图书，销量逾30', '作者': '高春香、邵敏/著；许明振、李婧/绘', '出版日期': '2019-11-01', '_id': ObjectId('5e998d33fe6bcc8059196c0f')}
{'书名': '次第花开修订版', '作者': '希阿荣博堪布', '出版日期': '2017-02-01', '_id': ObjectId('5e998d33fe6bcc8059196c10')}
{'书名': '小鸡球球成长绘本系列：全6册', '作者': '[日]入山智著；崔维燕译；心喜阅童书出品', '出版日期': '2018-02-02', '_id': ObjectId('5e998d33fe6bcc8059196c11')}
{'书名': '中国古代寓言故事统编小学语文教材三年级下册快乐读书吧推荐必读', '作者': '宫利勤编写，童趣出版有限公司编', '出版日期': '2013-01-01', '_id': ObjectId('5e998d33fe6bcc8059196c12')}
{'书名': '断舍离（2019新版，全新修订50%以上内容）宫崎骏、张德芬、李冰冰', '作者': '山下英子著,博集天卷出品', '出版日期': '2019-01-11', '_id': ObjectId('5e998d33fe6bcc8059196c13')}
{'书名': '局外人（如果你在人群中感到格格不入，一定要读《局外人》！全新', '作者': '[法]加缪', '出版日期': '2019-03-01', '_id': ObjectId('5e998d33fe6bcc8059196c14')}
{'书名': '新版・小熊很忙系列・第1辑', '作者': 'BenjiDavies', '出版日期': '2019-06-01', '_id': ObjectId('5e998d33fe6bcc8059196c15')}
{'书名': '幽微的人性', '作者': '李玫瑾', '出版日期': '2019-04-01', '_id': ObjectId('5e998d33fe6bcc8059196c16')}
{'书名': '细菌世界历险记又名:灰尘的旅行统编小学语文教材四年级下册快乐', '作者': '高士其', '出版日期': '2017-03-01', '_id': ObjectId('5e998d33fe6bcc8059196c17')}
{'书名': '手不是用来打人的（儿童好品德系列，全5册）', '作者': '（美）伊丽莎白・弗迪克等著陈薇薇、刘宣谷译步印童书出品', '出版日期': '2018-04-01', '_id': ObjectId('5e998d33fe6bcc8059196c18')}
{'书名': '夏天、烟火和我的尸体（乙一16岁惊世成名作，高口碑暗黑杰作，获', '作者': '（日）乙一著，新经典出品', '出版日期': '2019-09-01', '_id': ObjectId('5e998d33fe6bcc8059196c19')}
{'书名': '小猪唏哩呼噜(注音版上、下)', '作者': '孙幼军著', '出版日期': '2014-07-01', '_id': ObjectId('5e998d33fe6bcc8059196c1a')}
{'书名': '我喜欢生命本来的样子(周国平经典散文作品集)', '作者': '周国平', '出版日期': '2017-02-01', '_id': ObjectId('5e998d33fe6bcc8059196c1b')}
{'书名': '局外人・鼠疫（局外人又译为“异乡人”。著名翻译家李玉民翻译，', '作者': '�z法�{阿尔贝・加缪（著），李玉民（译）', '出版日期': '2018-01-01', '_id': ObjectId('5e998d3504b63021e18180c1')}
{'书名': '牧羊少年奇幻之旅（央视《朗读者》、湖南卫视《天天向上》、李现', '作者': '（巴西）保罗・柯艾略著，新经典出品', '出版日期': '2018-01-01', '_id': ObjectId('5e998d3504b63021e18180c2')}
{'书名': '你有多自律，就有多自由', '作者': '卡西', '出版日期': '2018-06-01', '_id': ObjectId('5e998d3504b63021e18180c3')}
{'书名': '写给儿童的中国地理（全14册）', '作者': '陈卫平、陈雨岚等步印童书出品', '出版日期': '2016-09-01', '_id': ObjectId('5e998d3504b63021e18180c4')}
{'书名': '中国传统节日故事小学语文课外读物（收录专家解读节日和习俗，', '作者': '爱华文（著）', '出版日期': '2018-10-01', '_id': ObjectId('5e998d3504b63021e18180c5')}
{'书名': '高效能人士的七个习惯（30周年纪念版）：打造一套全新的思维方式', '作者': '（美）史蒂芬・柯维', '出版日期': '2018-05-01', '_id': ObjectId('5e998d3504b63021e18180c6')}
{'书名': '自控力（畅销300万册纪念版！斯坦福大学广受欢迎的心理学课程！从', '作者': '（美）凯利?麦格尼格尔著，磨铁图书出品', '出版日期': '2017-10-31', '_id': ObjectId('5e998d3504b63021e18180c7')}
{'书名': '大熊先生盖房子（澳大利亚青少年图书奖获奖作家、加拿大总督奖获', '作者': '(澳)珍・戈德温、(澳)迈克尔・瓦格纳文，(加)安德鲁・乔伊纳图，方素珍译，张荣梅策划，小当当童书馆出品', '出版日期': '2017-11-01', '_id': ObjectId('5e998d3504b63021e18180c8')}
{'书名': '浮生六记（李现推荐版本，畅销300万册，1161510条当当读者五星好', '作者': '沈复著，张佳玮译，果麦文化出品', '出版日期': '2015-08-01', '_id': ObjectId('5e998d3504b63021e18180c9')}
{'书名': '米小圈脑筋急转弯（套装共4册）', '作者': '北猫', '出版日期': '2016-01-01', '_id': ObjectId('5e998d3504b63021e18180ca')}
{'书名': '好饿的小蛇（2018版绘本大师宫西达也低幼绘本代表作）', '作者': '文/图宫西达也，译彭懿', '出版日期': '2007-05-01', '_id': ObjectId('5e998d3504b63021e18180cb')}
{'书名': '信谊世界精选图画书・蚯蚓的日记', '作者': '[美]朵琳・克罗宁著；[美]哈利・布里斯绘；陈宏淑译', '出版日期': '2013-04-01', '_id': ObjectId('5e998d3504b63021e18180cc')}
{'书名': '三体（刘慈欣代表作，亚洲首部雨果奖获奖作品！）', '作者': '刘慈欣', '出版日期': '2008-01-01', '_id': ObjectId('5e998d3504b63021e18180cd')}
{'书名': '老鼠邮差系列（全3册）', '作者': '[加拿大]玛丽安娜?迪比克绘著，尚童童书出品', '出版日期': '2018-08-01', '_id': ObjectId('5e998d3504b63021e18180ce')}
{'书名': '小金鱼逃走了', '作者': '五味太郎著，爱心树童书出品', '出版日期': '2017-04-01', '_id': ObjectId('5e998d3504b63021e18180cf')}
{'书名': '不用说，孩子就会听――歪歪兔逆反期教育系列图画书（全8册，让宝', '作者': '歪歪兔关键期早教项目组编绘', '出版日期': '2014-03-01', '_id': ObjectId('5e998d3504b63021e18180d0')}
{'书名': '信谊世界精选图画书-好饿的毛毛虫', '作者': '艾瑞・卡尔著', '出版日期': '2017-08-01', '_id': ObjectId('5e998d3504b63021e18180d1')}
{'书名': '法布尔昆虫记（全10册）（儿童彩图版）', '作者': '（韩）高苏珊娜编著，（韩）金成荣绘，李明淑译', '出版日期': '2014-07-01', '_id': ObjectId('5e998d3504b63021e18180d2')}
{'书名': '沉默的大多数（手稿珍藏版，肖战推荐）', '作者': '王小波著，新经典出品', '出版日期': '2017-04-01', '_id': ObjectId('5e998d3504b63021e18180d3')}
{'书名': '恐龙大陆', '作者': '[日]黑川光广，爱心树童书出品', '出版日期': '2012-05-01', '_id': ObjectId('5e998d3504b63021e18180d4')}
{'书名': '尼尔斯骑鹅旅行记统编小学语文教材六年级下册快乐读书吧推荐必读', '作者': '（瑞典）拉格洛夫', '出版日期': '2013-12-04', '_id': ObjectId('5e998d35dd341161099f2358')}
{'书名': '信谊宝宝起步走・抱抱（新版）', '作者': '[英]杰兹・阿波罗著，[英]杰兹阿波罗，文图，上谊编辑部编，上谊编辑部绘', '出版日期': '2017-11-01', '_id': ObjectId('5e998d35dd341161099f2359')}
{'书名': '迷人的逻辑思维游戏书（全3册）', '作者': '一米阳光童书馆著，阳光博客出品', '出版日期': '2019-09-01', '_id': ObjectId('5e998d35dd341161099f235a')}
{'书名': '假如给我三天光明（中小学语文新课标必读名著）420000多名读者热', '作者': '(美)海伦凯勒著', '出版日期': '2012-07-01', '_id': ObjectId('5e998d35dd341161099f235b')}
{'书名': '钱穆谈中国历史文化：中国历史精神', '作者': '钱穆', '出版日期': '2019-06-06', '_id': ObjectId('5e998d35dd341161099f235c')}
{'书名': '暖房子・屁屁侦探系列（套装共6册）', '作者': '【日】Troll/文、图甜老虎黄春琦译', '出版日期': '2019-02-01', '_id': ObjectId('5e998d35dd341161099f235d')}
{'书名': '东野圭吾：嫌疑人X的献身（易烊千玺、王凯推荐，至为纯粹的爱情，', '作者': '东野圭吾著，刘子倩译，新经典出品', '出版日期': '2014-06-01', '_id': ObjectId('5e998d35dd341161099f235e')}
{'书名': '城南旧事（中小学新课标必读名著）280000多名读者热评！', '作者': '林海音著', '出版日期': '2012-07-01', '_id': ObjectId('5e998d35dd341161099f235f')}
{'书名': '我喜欢自己――邓超微博推荐的绘本带给孩子更多勇气和自信的绘本', '作者': '（美）卡尔森著，余治莹译', '出版日期': '2019-11-01', '_id': ObjectId('5e998d35dd341161099f2360')}
{'书名': '你的善良必须有点锋芒(在得寸进尺的人面前，你的善良其实一文不值', '作者': '慕颜歌著，文通天下出品', '出版日期': '2016-09-01', '_id': ObjectId('5e998d35dd341161099f2361')}
{'书名': '庆子绘本（全4册）', '作者': '［美］庆子・凯萨兹文图;范晓星译', '出版日期': '2019-02-01', '_id': ObjectId('5e998d35dd341161099f2362')}
{'书名': '人间词话（近代极富盛名的词话著作，集编、校、释、评于一体，赏', '作者': '王国维著', '出版日期': '2015-06-01', '_id': ObjectId('5e998d35dd341161099f2363')}
{'书名': '一九八四（又译作“1984”）', '作者': '[英]乔治・奥威尔著,傅霞译', '出版日期': '2018-02-05', '_id': ObjectId('5e998d35dd341161099f2364')}
{'书名': '鸭子骑车记', '作者': '大卫・香农，爱心树童书出品', '出版日期': '2017-04-01', '_id': ObjectId('5e998d35dd341161099f2365')}
{'书名': '绘本花园：会飞的挖土机（平）', '作者': '[英]伊恩?威柏', '出版日期': '2016-12-01', '_id': ObjectId('5e998d35dd341161099f2366')}
{'书名': '上学就看谁偷走了我的时间呢', '作者': '[韩]崔星美著，[韩]崔海英绘，胡�h名译', '出版日期': '2015-01-01', '_id': ObjectId('5e998d35dd341161099f2367')}
{'书名': '穿过地平线又名:看看我们的地球统编小学语文教材四年级下册快乐', '作者': '李四光著', '出版日期': '2019-12-01', '_id': ObjectId('5e998d35dd341161099f2368')}
{'书名': '你好灯塔（凯迪克奖得主绘本套装）', '作者': '苏菲・布莱科尔', '出版日期': '2019-05-01', '_id': ObjectId('5e998d35dd341161099f2369')}
{'书名': '神奇校车・手工益智版（全15册）', '作者': '（美）乔安娜・柯尔文；（美）布鲁斯・迪根图；漆仰平许若青静博刘畅译', '出版日期': '2019-04-01', '_id': ObjectId('5e998d35dd341161099f236a')}
{'书名': '撒野（巫哲新书）', '作者': '巫哲', '出版日期': '2018-10-01', '_id': ObjectId('5e998d35dd341161099f236b')}
{'书名': '小学生必背古诗词75+80首28万多读者好评，不同印次随机发货!', '作者': '说词解字辞书研究中心', '出版日期': '2014-02-01', '_id': ObjectId('5e998d3cfe6bcc8059196c1c')}
{'书名': '半小时漫画唐诗系列（套装全2册）（唐诗系列完结篇！漫画科普开创', '作者': '陈磊・半小时漫画团队', '出版日期': '2019-10-11', '_id': ObjectId('5e998d3cfe6bcc8059196c1d')}
{'书名': '婴儿视觉启智绘本（全5册）', '作者': '[日]柏原晃夫文图；周龙梅译', '出版日期': '2018-06-26', '_id': ObjectId('5e998d3cfe6bcc8059196c1e')}
{'书名': '小狗钱钱套装（全2册）青春有你吴泽林推荐！一个童话般的理财故事', '作者': '（德）博多・舍费尔', '出版日期': '2018-04-01', '_id': ObjectId('5e998d3cfe6bcc8059196c1f')}
{'书名': '憋不住，憋不住，快要憋不住了', '作者': '[日]土屋富士夫文／图', '出版日期': '2018-06-25', '_id': ObjectId('5e998d3cfe6bcc8059196c20')}
{'书名': '100层的巴士麦克米伦世纪', '作者': '麦克?史密斯', '出版日期': '2017-10-01', '_id': ObjectId('5e998d3cfe6bcc8059196c21')}
{'书名': '梅格时空大冒险・7~14岁儿童文学科幻经典（含《时间的折皱》[又名', '作者': '[美]马德琳・英格著；读客文化出品', '出版日期': '2017-07-01', '_id': ObjectId('5e998d3cfe6bcc8059196c22')}
{'书名': '任溶溶系列：没头脑和不高兴(注音版）', '作者': '任溶溶著', '出版日期': '2018-04-01', '_id': ObjectId('5e998d3cfe6bcc8059196c23')}
{'书名': '樊登推荐你就是孩子最好的玩具（升级版）', '作者': '（美）金伯莉・布雷恩（KimberleyClaytonBlaine）著夏欣茁译', '出版日期': '2017-05-01', '_id': ObjectId('5e998d3cfe6bcc8059196c24')}
{'书名': '小兔汤姆旅行版（全26册）', '作者': '（法）玛莉-阿丽娜・巴文图，（法）克斯多夫・勒・马斯尼文，梅莉、梅思繁等译', '出版日期': '2014-01-01', '_id': ObjectId('5e998d3cfe6bcc8059196c25')}
{'书名': '学会管自己幼儿版-歪歪兔自控力教育系列绘本（全10册，幼儿园必备', '作者': '歪歪兔关键期早教项目组著绘', '出版日期': '2017-06-01', '_id': ObjectId('5e998d3cfe6bcc8059196c26')}
{'书名': '生活需要仪式感（把温暖和感动带给你在乎的人。抖音、小红书同', '作者': '李思圆著，文通天下出品', '出版日期': '2017-12-20', '_id': ObjectId('5e998d3cfe6bcc8059196c27')}
{'书名': 'DK博物大百科――自然界的视觉盛宴', '作者': '英国DK公司', '出版日期': '2018-09-01', '_id': ObjectId('5e998d3cfe6bcc8059196c28')}
{'书名': '信谊世界精选图画书-我的情绪小怪兽', '作者': '[西班牙]安娜・耶纳斯著', '出版日期': '2016-12-01', '_id': ObjectId('5e998d3cfe6bcc8059196c29')}
{'书名': '非暴力沟通', '作者': '（美）马歇尔?卢森堡著阮胤华译', '出版日期': '2018-08-31', '_id': ObjectId('5e998d3cfe6bcc8059196c2a')}
{'书名': '汤姆索亚历险记统编小学语文教材六年级下册快乐读书吧推荐必读书', '作者': '(美)马克吐温著', '出版日期': '2012-07-01', '_id': ObjectId('5e998d3cfe6bcc8059196c2b')}
{'书名': '小黑鱼', '作者': '李欧・李奥尼，爱心树童书出品', '出版日期': '2010-01-01', '_id': ObjectId('5e998d3cfe6bcc8059196c2c')}
{'书名': '外婆的道歉信（畅销100万册，马思纯领读书目。人民日报、央视好评', '作者': '[瑞典]弗雷德里克・巴克曼，译者孟汇一，果麦文化出品', '出版日期': '2017-05-01', '_id': ObjectId('5e998d3cfe6bcc8059196c2d')}
{'书名': '月亮的味道（精装）', '作者': '麦克格雷涅茨著', '出版日期': '2017-10-01', '_id': ObjectId('5e998d3cfe6bcc8059196c2e')}
{'书名': '中国古代文化常识（插图修订第4版）', '作者': '王力主编后浪', '出版日期': '2014-11-01', '_id': ObjectId('5e998d3cfe6bcc8059196c2f')}
{'书名': '全球最美的100个地方图说天下国家地理', '作者': '<图说天下.国家地理系列>编委会', '出版日期': '2012-06-01', '_id': ObjectId('5e998d3ddd341161099f236c')}
{'书名': '信谊世界精选图画书・逃家小兔', '作者': '[美]玛格丽特・怀兹・布朗著；[美]克雷门・赫德绘；黄�i毓译', '出版日期': '2013-06-01', '_id': ObjectId('5e998d3ddd341161099f236d')}
{'书名': '苏东坡传（林语堂精装2018版）（1-9年级必读书单）', '作者': '林语堂著,博集天卷出品', '出版日期': '2018-01-01', '_id': ObjectId('5e998d3ddd341161099f236e')}
{'书名': '终身成长：重新定义成功的思维模式', '作者': '[美]卡罗尔・德韦克（CarolDweck)，译者：楚�t楠后浪', '出版日期': '2017-11-01', '_id': ObjectId('5e998d3ddd341161099f236f')}
{'书名': '信谊世界精选图画书・爷爷一定有办法', '作者': '[加]菲比・吉尔曼著；宋��译', '出版日期': '2013-04-01', '_id': ObjectId('5e998d3ddd341161099f2370')}
{'书名': '呼兰河传（中小学新课标必读名著）72000多名读者热评！', '作者': '萧红著', '出版日期': '2013-02-01', '_id': ObjectId('5e998d3ddd341161099f2371')}
{'书名': '你好，安东医生系列绘本（全3册）', '作者': '（日）西村敏雄著/绘', '出版日期': '2019-03-01', '_id': ObjectId('5e998d3ddd341161099f2372')}
{'书名': '巴巴爸爸经典故事系列（全十册）', '作者': '[法]安娜特・缇森[法]德鲁斯・泰勒', '出版日期': '2018-10-01', '_id': ObjectId('5e998d3ddd341161099f2373')}
{'书名': '我的专注力训练游戏（全3册）', '作者': '[日]efuca.伊藤由香著胡静译', '出版日期': '2016-07-01', '_id': ObjectId('5e998d3ddd341161099f2374')}
{'书名': '时间真好玩（全彩6册）（培养时间观念、学会认时钟、进行时间管', '作者': '乐凡著段张取艺绘', '出版日期': '2019-12-01', '_id': ObjectId('5e998d3ddd341161099f2375')}
{'书名': '深见春夫“想得美”图画书系列（彩色套装，共5册）', '作者': '（日）深见春夫著/绘，彭懿译', '出版日期': '2015-10-01', '_id': ObjectId('5e998d3ddd341161099f2376')}
{'书名': '给孩子讲的中国故事（全20册）', '作者': '王宣一文;张世明图', '出版日期': '2019-04-01', '_id': ObjectId('5e998d3ddd341161099f2377')}
{'书名': '字的童话（全7册）-儿童文学', '作者': '林世仁编文，章毓倩绘', '出版日期': '2013-04-01', '_id': ObjectId('5e998d3ddd341161099f2378')}
{'书名': '中国传统节日故事（全8册）-儿童文学', '作者': '林良、管家琪等�M文洪义男、曹俊彦等�M文', '出版日期': '2018-06-29', '_id': ObjectId('5e998d3ddd341161099f2379')}
{'书名': '蹦（2018版绘本大师松冈达英低幼作品）', '作者': '文/图松冈达英，译蒲蒲兰', '出版日期': '2008-05-14', '_id': ObjectId('5e998d3ddd341161099f237a')}
{'书名': '云朵面包白希那经典绘本系列云朵面包', '作者': '【韩】白希那著明书译', '出版日期': '2016-08-01', '_id': ObjectId('5e998d3ddd341161099f237b')}
{'书名': '强大的兔子', '作者': '【南非】亚利克斯・拉提美尔文图，杨玲玲彭懿译', '出版日期': '2020-01-01', '_id': ObjectId('5e998d3ddd341161099f237c')}
{'书名': '蚂蚁和西瓜（2018版细节大搜索蒲蒲兰低幼畅销书）', '作者': '文/图田村茂，译蒲蒲兰', '出版日期': '2005-08-09', '_id': ObjectId('5e998d3ddd341161099f237d')}
{'书名': '忙忙碌碌镇（精装）', '作者': '斯凯瑞著，斯凯瑞绘，李晓平译', '出版日期': '2014-01-01', '_id': ObjectId('5e998d3ddd341161099f237e')}
{'书名': '曹文轩文集典藏版（全7册）', '作者': '曹文轩著', '出版日期': '2013-09-01', '_id': ObjectId('5e998d3ddd341161099f237f')}
{'书名': '杀死一只知更鸟（纪念版）', '作者': '哈珀.李著,', '出版日期': '2018-03-01', '_id': ObjectId('5e998d3e04b63021e18180d5')}
{'书名': '万历十五年一本好书腾讯视频栏目推荐', '作者': '黄仁宇', '出版日期': '2006-06-01', '_id': ObjectId('5e998d3e04b63021e18180d6')}
{'书名': '有故事的汉字（全四辑，当当订制版，套装全12册）', '作者': '邱昭瑜苏真', '出版日期': '2018-06-01', '_id': ObjectId('5e998d3e04b63021e18180d7')}
{'书名': '停电以后', '作者': '[美]约翰・罗科文/图，任溶溶译', '出版日期': '2013-06-01', '_id': ObjectId('5e998d3e04b63021e18180d8')}
{'书名': '瓦尔登湖(珍藏本)朗读者朗读书目', '作者': '（美）梭罗知书达礼出品', '出版日期': '2010-12-01', '_id': ObjectId('5e998d3e04b63021e18180d9')}
{'书名': '我的大喊大叫的一天', '作者': '瑞贝卡・帕特著，孙昱译', '出版日期': '2015-08-01', '_id': ObjectId('5e998d3e04b63021e18180da')}
{'书名': '默读（全三册套装）（P大作品）当当专供', '作者': 'Priest', '出版日期': '2018-10-01', '_id': ObjectId('5e998d3e04b63021e18180db')}
{'书名': '青铜葵花（当当网定制版）', '作者': '曹文轩', '出版日期': '2015-03-01', '_id': ObjectId('5e998d3e04b63021e18180dc')}
{'书名': '神奇校车大家族（全73册）', '作者': '(美)乔安娜柯尔著,(美)布鲁斯・迪根图', '出版日期': '2018-10-01', '_id': ObjectId('5e998d3e04b63021e18180dd')}
{'书名': '林海音奶奶讲寓言（全4册）', '作者': '林海音文，张世明图', '出版日期': '2013-01-01', '_id': ObjectId('5e998d3e04b63021e18180de')}
{'书名': '唐诗三百首小学生成长必读绘本注音版', '作者': '思睿编著', '出版日期': '2016-08-01', '_id': ObjectId('5e998d3e04b63021e18180df')}
{'书名': '乡土中国（精装）2019年语文新课标课外必读图书！畅销十年！费孝', '作者': '费孝通', '出版日期': '2015-05-01', '_id': ObjectId('5e998d3e04b63021e18180e0')}
{'书名': 'DK儿童太空百科全书（2018年全新修订版）', '作者': '英国DK公司编著，王佳等译', '出版日期': '2012-01-01', '_id': ObjectId('5e998d3e04b63021e18180e1')}
{'书名': '少年读西游记（套装全3册）', '作者': '张嘉骅', '出版日期': '2017-10-20', '_id': ObjectId('5e998d3e04b63021e18180e2')}
{'书名': '可爱的鼠小弟（1-12）', '作者': '[日]中江嘉男文[日]上野纪子图，爱心树童书出品', '出版日期': '2013-10-01', '_id': ObjectId('5e998d3e04b63021e18180e3')}
{'书名': '自卑与超越（白岩松推荐，完整全译本未删节）', '作者': '阿德勒，杨蔚译者，果麦文化出品', '出版日期': '2017-09-01', '_id': ObjectId('5e998d3e04b63021e18180e4')}
{'书名': '幼儿学古诗（绘本版，全2册）', '作者': '中国教育科学研究院学前教育研究中心', '出版日期': '2019-08-08', '_id': ObjectId('5e998d3e04b63021e18180e5')}
{'书名': '亲爱的小熊（全5册）', '作者': '（美）埃尔斯・霍姆伦德・米纳里克著，（美）莫里斯・桑达克绘，王林译', '出版日期': '2015-07-01', '_id': ObjectId('5e998d3e04b63021e18180e6')}
{'书名': '所谓情商高，就是会说话', '作者': '佐佐木圭一著程亮译时代华语出品', '出版日期': '2016-09-01', '_id': ObjectId('5e998d3e04b63021e18180e7')}
{'书名': '小企鹅去旅行系列', '作者': '[日]工藤纪子著,彭懿译', '出版日期': '2020-02-01', '_id': ObjectId('5e998d3e04b63021e18180e8')}
{'书名': '歪歪兔儿童性关怀系列图画书（全8册,儿童性教育主题绘本）', '作者': '歪歪兔关键期早教项目组编绘', '出版日期': '2012-01-01', '_id': ObjectId('5e998d45fe6bcc8059196c30')}
{'书名': '怪奇事物所（大张伟直播推荐）', '作者': '怪奇事物所著,博集天卷出品', '出版日期': '2020-01-15', '_id': ObjectId('5e998d45fe6bcc8059196c31')}
{'书名': '郑渊洁四大名传：皮皮鲁传', '作者': '郑渊洁著', '出版日期': '2015-12-01', '_id': ObjectId('5e998d45fe6bcc8059196c32')}
{'书名': '自在独行贾平凹的独行世界（畅销300万册的国民精神读本，中国作', '作者': '贾平凹著时代华语出品', '出版日期': '2016-05-01', '_id': ObjectId('5e998d45fe6bcc8059196c33')}
{'书名': '鹤唳华亭：珍藏版（继《琅琊榜》《东宫》《孤城闭》后又一古装剧', '作者': '雪满梁园白马时光出品', '出版日期': '2019-10-01', '_id': ObjectId('5e998d45fe6bcc8059196c34')}
{'书名': '聪明的小海狸（共7册）世纪绘本花园', '作者': '[瑞典]拉尔斯克林汀', '出版日期': '2014-09-01', '_id': ObjectId('5e998d45fe6bcc8059196c35')}
{'书名': '美国儿科学会育儿百科（第6版，2018全新增订)', '作者': '〔美〕斯蒂文・谢尔弗主编陈铭宇，周莉，池丽叶等译', '出版日期': '2018-03-01', '_id': ObjectId('5e998d45fe6bcc8059196c36')}
{'书名': '小狐狸的故事（全5册）', '作者': '森山京著，土田义晴绘，陈姗姗译', '出版日期': '2019-04-01', '_id': ObjectId('5e998d45fe6bcc8059196c37')}
{'书名': '石头汤', '作者': '（美）琼・穆特，爱心树童书出品', '出版日期': '2013-06-01', '_id': ObjectId('5e998d45fe6bcc8059196c38')}
{'书名': '培生幼儿英语：预备级（升级版）', '作者': '海豚传媒，培生集团出品', '出版日期': '2017-11-01', '_id': ObjectId('5e998d45fe6bcc8059196c39')}
{'书名': '全景式图画书开车出发系列（共7册）', '作者': '间濑直方著，彭懿周龙梅译', '出版日期': '2017-08-01', '_id': ObjectId('5e998d45fe6bcc8059196c3a')}
{'书名': '幼幼成长图画书脸，脸，各种各样的脸', '作者': '［日］柳原良平文/图小林小熊译', '出版日期': '2016-08-01', '_id': ObjectId('5e998d45fe6bcc8059196c3b')}
{'书名': '鼠小弟爱数学', '作者': '[美]埃莉诺・梅等著[美]德博拉・梅尔蒙绘，爱心树童书出品', '出版日期': '2019-09-30', '_id': ObjectId('5e998d45fe6bcc8059196c3c')}
{'书名': '82年生的金智英（同名电影孔刘、郑裕美主演）', '作者': '[韩]赵南柱著尹嘉玄译', '出版日期': '2019-09-01', '_id': ObjectId('5e998d45fe6bcc8059196c3d')}
{'书名': '0-3岁亲子游戏纸板书（全5册）', '作者': '[日]冬野一子等/著；[日]齐藤忍等/绘；[日]柏原晃夫设计；周龙梅译；心喜阅童书出品', '出版日期': '2018-09-01', '_id': ObjectId('5e998d45fe6bcc8059196c3e')}
{'书名': '老人与海（中小学新课标必读名著）110000多名读者热评！', '作者': '（美）海明威著，童趣出版有限公司编', '出版日期': '2013-02-01', '_id': ObjectId('5e998d45fe6bcc8059196c3f')}
{'书名': '丁香医生健康日历2020丁香医生温馨提示：出门带口罩', '作者': '丁香医生著', '出版日期': '2019-08-12', '_id': ObjectId('5e998d45fe6bcc8059196c40')}
{'书名': '慢煮生活（汪曾祺诞辰100周年特别纪念版！毕生精华散文选，2020年', '作者': '汪曾祺著时代华语出品', '出版日期': '2019-09-01', '_id': ObjectId('5e998d45fe6bcc8059196c41')}
{'书名': '天星童书・全球精选绘本：我的小影子', '作者': '[英]罗伯特・路易斯・史蒂文森', '出版日期': '2015-01-01', '_id': ObjectId('5e998d45fe6bcc8059196c42')}
{'书名': '【2019诺贝尔经济学奖得主作品】贫穷的本质（修订版）：我们为什', '作者': '（印度）阿比吉特.班纳吉(AbhijitV.Banerjee)、（法）埃斯特.迪弗洛(EstherDuflo)', '出版日期': '2018-09-01', '_id': ObjectId('5e998d45fe6bcc8059196c43')}
{'书名': '小狗钱钱', '作者': '（德）博多・舍费尔', '出版日期': '2018-04-01', '_id': ObjectId('5e998d46dd341161099f2380')}
{'书名': '夏美变变变（横扫日本乃至亚洲绘本各大奖项作者吉竹伸介，教你用', '作者': '【日】吉竹伸介，译者特桃，果麦文化出品', '出版日期': '2018-04-01', '_id': ObjectId('5e998d46dd341161099f2381')}
{'书名': '胡萝卜的种子自信成长系列（全4册）：胡萝卜的种子快乐的一天妈', '作者': '（美）露丝・克劳斯，爱心树童书出品', '出版日期': '2019-07-01', '_id': ObjectId('5e998d46dd341161099f2382')}
{'书名': '非暴力沟通（珍藏版）', '作者': '(美)马歇尔・卢森堡著，阮胤华译', '出版日期': '2018-08-31', '_id': ObjectId('5e998d46dd341161099f2383')}
{'书名': '0-3岁行为习惯教养绘本（全6册）', '作者': '[比]让娜・阿什比著/绘；谢逢蓓译；心喜阅童书出品', '出版日期': '2018-01-01', '_id': ObjectId('5e998d46dd341161099f2384')}
{'书名': '安野光雅“美丽的数学”系列（共5册）', '作者': '[日]安野光雅等著，艾茗译，双螺旋童书出品', '出版日期': '2017-11-01', '_id': ObjectId('5e998d46dd341161099f2385')}
{'书名': '狼图腾（精装修订版）', '作者': '姜戎著，新经典出品', '出版日期': '2020-01-01', '_id': ObjectId('5e998d46dd341161099f2386')}
{'书名': '那不勒斯四部曲（函套版）（套装共4册）（当当独家函套版！我的天', '作者': '【意】埃莱娜・费兰特著', '出版日期': '2018-07-01', '_id': ObjectId('5e998d46dd341161099f2387')}
{'书名': '安的种子', '作者': '王早早', '出版日期': '2015-01-01', '_id': ObjectId('5e998d46dd341161099f2388')}
{'书名': '好想去这样那样的国家（全6册）', '作者': '【日】东菜奈著叶硕严利颖译', '出版日期': '2018-04-27', '_id': ObjectId('5e998d46dd341161099f2389')}
{'书名': '中华上下五千年（中小学新课标必读名著）170000多名读者热评！', '作者': '邵珠磊编写，童趣出版有限公司编', '出版日期': '2014-01-17', '_id': ObjectId('5e998d46dd341161099f238a')}
{'书名': '六层楼女生呵护指南第十一诊室', '作者': '六层楼著', '出版日期': '2019-07-01', '_id': ObjectId('5e998d46dd341161099f238b')}
{'书名': '宝葫芦的秘密（中小学新课标必读名著）98000多名读者热评！', '作者': '张天翼著', '出版日期': '2013-07-01', '_id': ObjectId('5e998d46dd341161099f238c')}
{'书名': '郑渊洁四大名传（全4册）', '作者': '郑渊洁著', '出版日期': '2015-12-01', '_id': ObjectId('5e998d46dd341161099f238d')}
{'书名': '一二一动物园（全7册）', '作者': '[日]角野荣子文，[日]西川修图，孙雅甜译', '出版日期': '2017-12-25', '_id': ObjectId('5e998d46dd341161099f238e')}
{'书名': '夏洛书屋经典版・总有一天会长大', '作者': '挪]托摩脱・蒿根裴胜利译', '出版日期': '2018-01-01', '_id': ObjectId('5e998d46dd341161099f238f')}
{'书名': '爱你就像爱生命（精装彩插典藏版）', '作者': '王小波李银河著，博集天卷出品', '出版日期': '2017-07-01', '_id': ObjectId('5e998d46dd341161099f2390')}
{'书名': '小王子（此版本销量靠前！8万+读者五星热议！舒朗大开本，新课标', '作者': '(法)圣-埃克苏佩里著,梅思繁译，张荣梅策划，小当当童书馆出品', '出版日期': '2017-04-01', '_id': ObjectId('5e998d46dd341161099f2391')}
{'书名': '快乐的力量：大师经典绘本（国际安徒生奖昆廷・布莱克，创造英国', '作者': '[英]昆廷・布莱克（QuentinBlake）', '出版日期': '2019-07-30', '_id': ObjectId('5e998d46dd341161099f2392')}
{'书名': '成长的味道・香味互动绘本（精装全7册）日本绘本大奖得主、千万级', '作者': '（日）木村裕一、（日）柳泽幸子著，（日）江川智�[、福田岩绪、西内俊雄等绘，彭懿译，张荣梅策划，小当当童书馆出品', '出版日期': '2018-06-01', '_id': ObjectId('5e998d46dd341161099f2393')}
{'书名': '歪歪兔行为习惯系列互动图画书（全10册）', '作者': '歪歪兔关键期早教项目组编绘', '出版日期': '2015-08-18', '_id': ObjectId('5e998d4704b63021e18180e9')}
{'书名': '10只小青蛙系列（套装18册）', '作者': '间所寿子著；小博集出品；', '出版日期': '2019-05-21', '_id': ObjectId('5e998d4704b63021e18180ea')}
{'书名': '给孩子的造物大书', '作者': '[美]艾德伦・华森著绘,徐聪译,心喜阅童书出品', '出版日期': '2019-03-01', '_id': ObjectId('5e998d4704b63021e18180eb')}
{'书名': '噼里啪啦系列（共7册）我要拉巴巴/我去洗澡/你好/草莓点心/车来了', '作者': '佐佐木洋子编绘', '出版日期': '2018-04-01', '_id': ObjectId('5e998d4704b63021e18180ec')}
{'书名': '和爸爸一起真好', '作者': '[法]塞尔日・布洛克', '出版日期': '2017-09-01', '_id': ObjectId('5e998d4704b63021e18180ed')}
{'书名': '从尿布到约会：家长指南之养育性健康的儿童（从婴儿期到初中）', '作者': '【美】黛布拉．哈夫纳\t译者：王震宇张婕青豆书坊出品', '出版日期': '2018-03-01', '_id': ObjectId('5e998d4704b63021e18180ee')}
{'书名': '俗世奇人（全二册）（第七届鲁迅文学奖获奖作品）', '作者': '冯骥才', '出版日期': '2016-02-29', '_id': ObjectId('5e998d4704b63021e18180ef')}
{'书名': '作家榜经典：人间失格（李现推荐！全新未删节插图珍藏版，译者获', '作者': '[日]太宰治著，田原译，作家榜经典出品，大星文化，李宁浪绘，', '出版日期': '2019-05-01', '_id': ObjectId('5e998d4704b63021e18180f0')}
{'书名': '世界上最棒的礼物――图画中隐藏无数细节，让小小孩玩过瘾！', '作者': '文/图：赖马', '出版日期': '2019-06-30', '_id': ObjectId('5e998d4704b63021e18180f1')}
{'书名': '妈妈，我真的很生气', '作者': '（美）吉娜迪塔―多纳休著，赵丹译', '出版日期': '2014-05-01', '_id': ObjectId('5e998d4704b63021e18180f2')}
{'书名': '可爱的鼠小弟（1-22）', '作者': '[日]中江嘉男文[日]上野纪子图，爱心树童书出品', '出版日期': '2013-08-01', '_id': ObjectId('5e998d4704b63021e18180f3')}
{'书名': '傅雷家书部编本语文教材八年级下册指定阅读', '作者': '傅雷著，麦书房出品，有容书邦发行', '出版日期': '2017-09-01', '_id': ObjectId('5e998d4704b63021e18180f4')}
{'书名': '罗尔德・达尔作品典藏（彩图拼音版）―了不起的狐狸爸爸', '作者': '(英)罗尔德・达尔著；(英)昆汀・布莱克绘；代维译。', '出版日期': '2018-09-01', '_id': ObjectId('5e998d4704b63021e18180f5')}
{'书名': '米小圈上学记二年级（套装共4册）', '作者': '北猫', '出版日期': '2018-04-01', '_id': ObjectId('5e998d4704b63021e18180f6')}
{'书名': '0～3岁孩子的正面管教', '作者': '(美)简・尼尔森，谢丽尔・欧文，罗丝琳・安・达菲著，花莹莹译', '出版日期': '2015-08-01', '_id': ObjectId('5e998d4704b63021e18180f7')}
{'书名': '阅读123系列・第1辑（全10册）', '作者': '林哲璋，林世仁，方素珍，童嘉文，BO2，小蘑菇，吕淑恂，童嘉，达姆图', '出版日期': '2018-06-01', '_id': ObjectId('5e998d4704b63021e18180f8')}
{'书名': '八十天环游地球（中小学新课标必读名著）100000多名读者热评！', '作者': '（法）凡尔纳著，童趣出版有限公司编', '出版日期': '2013-02-01', '_id': ObjectId('5e998d4704b63021e18180f9')}
{'书名': '鲁滨孙漂流记统编小学语文教材六年级下册快乐读书吧推荐必读书目', '作者': '［英］笛福著', '出版日期': '2012-07-01', '_id': ObjectId('5e998d4704b63021e18180fa')}
{'书名': '国际大奖科普绘本（平装6册）获美国妈妈最佳选择奖金奖、美国月', '作者': '【法】玛丽【美】琳达・格拉泽、玛丽安・伯克斯等著,【法】阿梅莉・格罗【美】杰米・佐拉斯等绘,鞠强、李睿、王丁鹏、韩冬译,张荣梅策划,小当当童书馆出品', '出版日期': '2018-10-01', '_id': ObjectId('5e998d4704b63021e18180fb')}
{'书名': '骆驼祥子统编语文教科书七年级（下）指定阅读篇目：海底两万里', '作者': '老舍著', '出版日期': '2012-08-01', '_id': ObjectId('5e998d4704b63021e18180fc')}
{'书名': '一间自己的房间（写给聪明女生的指南！女性觉醒的必读经典！做自', '作者': '[英]维吉尼亚・伍尔夫著，于是译，作家榜经典出品，大星文化', '出版日期': '2019-11-15', '_id': ObjectId('5e998d4dfe6bcc8059196c44')}
{'书名': '德国幼儿智力发展启蒙训练书：经典WIMMELBUCH小汽车图画书', '作者': '【德】斯蒂芬?赛德尔【德】伊莎贝拉?哥特根【德】斯蒂芬?洛普绘，肖�h译', '出版日期': '2016-07-22', '_id': ObjectId('5e998d4dfe6bcc8059196c45')}
{'书名': '第一次自己睡觉', '作者': '文：（日）季巳明代著图：（日）长谷川香子绘', '出版日期': '2015-09-01', '_id': ObjectId('5e998d4dfe6bcc8059196c46')}
{'书名': '半小时漫画中国史4（看半小时漫画，通五千年历史！漫画科普开创者', '作者': '陈磊(笔名：二混子)著；读客出品', '出版日期': '2019-09-05', '_id': ObjectId('5e998d4dfe6bcc8059196c47')}
{'书名': '事实（樊登读书创始人樊登博士倾力推荐！比尔・盖茨送给全美大学', '作者': '（瑞典）汉斯・罗斯林，欧拉・罗斯林，安娜・罗斯林・罗朗德', '出版日期': '2019-05-07', '_id': ObjectId('5e998d4dfe6bcc8059196c48')}
{'书名': '东野圭吾：我的老师是侦探', '作者': '（日）东野圭吾，爱心树童书出品', '出版日期': '2019-08-01', '_id': ObjectId('5e998d4dfe6bcc8059196c49')}
{'书名': '你不能欺负我', '作者': '[美]菲利斯・雷诺兹・内勒著，石婧译', '出版日期': '2019-05-01', '_id': ObjectId('5e998d4dfe6bcc8059196c4a')}
{'书名': '如何培养孩子的社会能力', '作者': '[美]默娜・B.舒尔博士，[美]特里萨・弗伊・迪吉若尼莫著；张雪兰译', '出版日期': '2018-02-01', '_id': ObjectId('5e998d4dfe6bcc8059196c4b')}
{'书名': '森林里的躲猫猫大王', '作者': '（日）末吉晓子著，（日）林明子绘，彭懿译', '出版日期': '2012-03-01', '_id': ObjectId('5e998d4dfe6bcc8059196c4c')}
{'书名': '红帽子艾米莉（共24册）法国经典畅销绘本，助孩子轻松解决成长问', '作者': '(法)多米蒂耶・德普雷桑塞著绘，邢培健译', '出版日期': '2017-07-01', '_id': ObjectId('5e998d4dfe6bcc8059196c4d')}
{'书名': '蚕豆大哥的床（成长故事集全5册）', '作者': '[日]中屋美和著，爱心树童书出品', '出版日期': '2019-10-01', '_id': ObjectId('5e998d4dfe6bcc8059196c4e')}
{'书名': '读懂孩子的心：樊登2019年新书.', '作者': '樊登', '出版日期': '2019-03-01', '_id': ObjectId('5e998d4dfe6bcc8059196c4f')}
{'书名': '墨菲定律（一本好玩又实用的日常行为心理指南）', '作者': '张文成著，文通天下出品', '出版日期': '2017-08-01', '_id': ObjectId('5e998d4dfe6bcc8059196c50')}
{'书名': '爷爷的爷爷从哪里来又名:人类起源的演化过程统编小学语文教材四', '作者': '贾兰坡', '出版日期': '2016-09-01', '_id': ObjectId('5e998d4dfe6bcc8059196c51')}
{'书名': '时间简史（插图本）（央视《朗读者》推荐）', '作者': '史蒂芬・霍金', '出版日期': '2014-06-01', '_id': ObjectId('5e998d4dfe6bcc8059196c52')}
{'书名': '浮生六记（详细注解+准确优美直译，你一定能读懂原文，李现推荐）', '作者': '（清）沈复著梦窗译注', '出版日期': '2019-02-01', '_id': ObjectId('5e998d4dfe6bcc8059196c53')}
{'书名': '狼王梦（升级版）/动物小说大王沈石溪・品藏书系', '作者': '沈石溪', '出版日期': '2018-07-01', '_id': ObjectId('5e998d4dfe6bcc8059196c54')}
{'书名': '宫西达也精选绘本（数学绘本+超人绘本+暖心绘本！第2辑，全5册）', '作者': '（日）宫西达也著，米雅译', '出版日期': '2018-10-26', '_id': ObjectId('5e998d4dfe6bcc8059196c55')}
{'书名': '《阁楼里的秘密》（全6册）', '作者': 'L.A.皮科克', '出版日期': '2019-02-15', '_id': ObjectId('5e998d4dfe6bcc8059196c56')}
{'书名': '野猫军团系列（套装共5册）', '作者': '[日]工藤纪子', '出版日期': '2019-05-01', '_id': ObjectId('5e998d4dfe6bcc8059196c57')}
{'书名': '8册百篇张秋生小巴掌童话注音版一二年级课外书必读三年级课外阅读', '作者': '张秋生', '出版日期': '2018-04-18', '_id': ObjectId('5e998d4ddd341161099f2394')}
{'书名': '牙婆婆（儿童医师张思莱倾情推荐。愉快教导孩子保护牙齿的妈妈必', '作者': '�i田澄子著冈部理香绘', '出版日期': '2016-12-01', '_id': ObjectId('5e998d4ddd341161099f2395')}
{'书名': '三毛全集02：撒哈拉的故事（1-9年级必读书单）', '作者': '三毛著，新经典出品', '出版日期': '2017-04-01', '_id': ObjectId('5e998d4ddd341161099f2396')}
{'书名': '少有人走的路：心智成熟的旅程（白金升级版）', '作者': '斯科特・派克', '出版日期': '2017-12-01', '_id': ObjectId('5e998d4ddd341161099f2397')}
{'书名': '长腿叔叔（教会孩子们面对困难如何自强、面对挑战如何自信、面对', '作者': '（美）韦伯斯特著', '出版日期': '2019-04-01', '_id': ObjectId('5e998d4ddd341161099f2398')}
{'书名': '小兔汤姆系列（第一辑）（全六册）', '作者': '（法）玛莉-阿丽娜・巴文图，（法）克斯多夫・勒・马斯尼文，梅莉译', '出版日期': '2008-01-01', '_id': ObjectId('5e998d4ddd341161099f2399')}
{'书名': '晚安，大猩猩', '作者': '（美）佩吉・拉特曼著，爱心树童书出品', '出版日期': '2019-04-01', '_id': ObjectId('5e998d4ddd341161099f239a')}
{'书名': '罗尔德・达尔作品典藏了不起的狐狸爸爸', '作者': '罗尔德・达尔', '出版日期': '2017-05-01', '_id': ObjectId('5e998d4ddd341161099f239b')}
{'书名': '活着（精装版，余华代表作，易烊千玺推荐阅读版本）', '作者': '余华著，新经典出品', '出版日期': '2017-06-01', '_id': ObjectId('5e998d4ddd341161099f239c')}
{'书名': '阿米巴经营――畅销十周年纪念版，当当全国独家（团购，请致电40', '作者': '[日]稻盛和夫著，曹岫云译', '出版日期': '2016-03-01', '_id': ObjectId('5e998d4ddd341161099f239d')}
{'书名': '克雷洛夫寓言统编小学语文教材三年级下册快乐读书吧推荐必读书目', '作者': '(俄)克雷洛夫著', '出版日期': '2013-02-01', '_id': ObjectId('5e998d4ddd341161099f239e')}
{'书名': '潜规则：中国历史中的真实游戏（修订版）', '作者': '吴思', '出版日期': '2018-10-01', '_id': ObjectId('5e998d4ddd341161099f239f')}
{'书名': '怪杰佐罗力冒险系列（精装4册）日本热卖30年，狂销3500万本的经典', '作者': '[日]原裕文/图，厉河译，蒲蒲兰校译', '出版日期': '2019-11-01', '_id': ObjectId('5e998d4ddd341161099f23a0')}
{'书名': '爱是什么滋味？', '作者': '【英】阿曼达・麦卡迪文，【英】萨尔瓦托・鲁比诺图陶沙译', '出版日期': '2018-03-12', '_id': ObjectId('5e998d4ddd341161099f23a1')}
{'书名': '点点点(2018版，小黄和小蓝升级版)', '作者': '埃尔维・杜莱文/图', '出版日期': '2018-03-01', '_id': ObjectId('5e998d4ddd341161099f23a2')}
{'书名': '第一次上街买东西（精装）', '作者': '（日）筒井赖子，（日）林明子著，彭懿译，爱心树童书出品', '出版日期': '2014-04-01', '_id': ObjectId('5e998d4ddd341161099f23a3')}
{'书名': '三体3：死神永生（刘慈欣代表作，亚洲首部“雨果奖”获奖作品！）', '作者': '刘慈欣', '出版日期': '2010-11-01', '_id': ObjectId('5e998d4ddd341161099f23a4')}
{'书名': '14只老鼠全集（全12册）', '作者': '（日）岩村和朗', '出版日期': '2018-04-01', '_id': ObjectId('5e998d4ddd341161099f23a5')}
{'书名': '宝宝学说话系列第1辑语言启蒙（全5册）', '作者': '真果果著', '出版日期': '2011-09-01', '_id': ObjectId('5e998d4ddd341161099f23a6')}
{'书名': '作家榜经典：老人与海（上海国际学校指定必读版本！一字未删插图', '作者': '[美]海明威著，鲁羊译，作家榜经典出品，大星文化，SlavaShults绘，', '出版日期': '2017-02-20', '_id': ObjectId('5e998d4ddd341161099f23a7')}
{'书名': '罗尔德・达尔作品典藏查理和巧克力工厂', '作者': '罗尔德・达尔', '出版日期': '2017-05-23', '_id': ObjectId('5e998d5004b63021e18180fd')}
{'书名': '学会爱自己（全7册）儿童自我保护意识培养绘本，含不要随便摸我、', '作者': '（美）克雷文', '出版日期': '2013-01-01', '_id': ObjectId('5e998d5004b63021e18180fe')}
{'书名': '明朝那些事儿全集增补版（新版全套9册）', '作者': '当年明月著，磨铁图书出品', '出版日期': '2017-05-01', '_id': ObjectId('5e998d5004b63021e18180ff')}
{'书名': '我想吃一个小孩', '作者': '[法]西尔维娜・多尼奥/著，文小山译', '出版日期': '2014-04-01', '_id': ObjectId('5e998d5004b63021e1818100')}
{'书名': '鼠疫（加缪作品）', '作者': '阿尔贝・加缪著，刘方译', '出版日期': '2013-08-01', '_id': ObjectId('5e998d5004b63021e1818101')}
{'书名': '耕林童书馆：呀！屁股（性教育启蒙自我保护意识绘本）', '作者': '[丹麦]迈普里斯?安徒生/文[丹麦]叶世邦?杜拉航/图王芳/译', '出版日期': '2018-05-01', '_id': ObjectId('5e998d5004b63021e1818102')}
{'书名': '一只特立独行的猪（肖战推荐）', '作者': '王小波著，新经典出品', '出版日期': '2017-04-01', '_id': ObjectId('5e998d5004b63021e1818103')}
{'书名': '在教室说错了没关系', '作者': '著（日）莳田晋至，译吴佳芬，绘（日）长谷川知子', '出版日期': '2017-02-01', '_id': ObjectId('5e998d5004b63021e1818104')}
{'书名': '我讨厌妈妈', '作者': '（日）酒井驹子著著，彭懿译，爱心树童书出品', '出版日期': '2015-10-01', '_id': ObjectId('5e998d5004b63021e1818105')}
{'书名': '我的感觉（中英双语）（1-8册）（全彩）', '作者': '[美]科尼莉亚・莫德・斯佩尔曼著；[美]凯西・帕金森绘；黄雪妍译', '出版日期': '2016-01-01', '_id': ObjectId('5e998d5004b63021e1818106')}
{'书名': '一只特立独行的鸡（儿童自主意识养成，从小培养孩子勇敢与自信，', '作者': '绘（美）大卫・海德・卡斯特罗著（美）梅根・多德・兰伯特译李一慢', '出版日期': '2018-01-01', '_id': ObjectId('5e998d5004b63021e1818107')}
{'书名': '机器学习', '作者': '周志华', '出版日期': '2016-01-01', '_id': ObjectId('5e998d5004b63021e1818108')}
{'书名': '无人生还：阿加莎克里斯蒂作品集10（销售记录超过一亿册的侦探小', '作者': '(英)阿加莎.克里斯蒂', '出版日期': '2013-07-01', '_id': ObjectId('5e998d5004b63021e1818109')}
{'书名': '世界的一天', '作者': '【日】安野光雅编', '出版日期': '2013-01-01', '_id': ObjectId('5e998d5004b63021e181810a')}
{'书名': '作家榜经典：父与子全集(郑渊洁推荐版《父与子》，亲子同读必备！', '作者': '[德]卜劳恩绘，作家榜经典出品，大星文化', '出版日期': '2017-05-10', '_id': ObjectId('5e998d5004b63021e181810b')}
{'书名': '傲慢与偏见世界名著典藏', '作者': '（英）奥斯丁著，罗良功译', '出版日期': '2015-04-01', '_id': ObjectId('5e998d5004b63021e181810c')}
{'书名': '幸福小鸡系列（6册。日本畅销婴幼图画书。萌萌的小鸡五胞胎、趣味', '作者': '工藤纪子', '出版日期': '2018-01-01', '_id': ObjectId('5e998d5004b63021e181810d')}
{'书名': '伊索寓言统编小学语文教材三年级下册快乐读书吧推荐必读书目12', '作者': '［古希腊］伊索著', '出版日期': '2012-07-01', '_id': ObjectId('5e998d5004b63021e181810e')}
{'书名': '儒林外史(56回全本，内容考证、文字句读全新修订版。)', '作者': '吴敬梓', '出版日期': '2015-07-01', '_id': ObjectId('5e998d5004b63021e181810f')}
{'书名': '点点点+变变变（点变套装2018版）', '作者': '埃尔维・杜莱著，蒲蒲兰译', '出版日期': '2018-04-12', '_id': ObjectId('5e998d5004b63021e1818110')}
{'书名': '遇见美好系列（第1辑，全8册）', '作者': '（德）克尼斯特等著；（法）伊芙・塔勒等绘；杨玲玲、彭懿译', '出版日期': '2016-06-30', '_id': ObjectId('5e998d54fe6bcc8059196c58')}
{'书名': '七田真全脑开发练习册:专注力与记忆力+数学与逻辑思维（3～4岁,全', '作者': '七田教育研究所著思可教育整理马思延审校', '出版日期': '2018-10-01', '_id': ObjectId('5e998d54fe6bcc8059196c59')}
{'书名': '小学生心理学漫画（套装全6册）从小心理健康，成长越挫越强；自', '作者': '小禾心理研究所', '出版日期': '2019-12-09', '_id': ObjectId('5e998d54fe6bcc8059196c5a')}
{'书名': '花格子大象艾玛经典绘本系列（套装全6册）', '作者': '（英）大卫・麦基著；范晓星译', '出版日期': '2017-10-01', '_id': ObjectId('5e998d54fe6bcc8059196c5b')}
{'书名': '这就是物理（函套10册）', '作者': '约瑟夫・米森（JosephMidthun）萨缪・希提（SamHiti）', '出版日期': '2019-07-01', '_id': ObjectId('5e998d54fe6bcc8059196c5c')}
{'书名': '拉封丹寓言统编语文教科书三年级（下）推荐阅读（中小学新课标必', '作者': '（法）让德拉封丹', '出版日期': '2018-10-01', '_id': ObjectId('5e998d54fe6bcc8059196c5d')}
{'书名': '放学后（东野圭吾成名作）', '作者': '〔日〕东野圭吾著，新经典出品', '出版日期': '2017-09-01', '_id': ObjectId('5e998d54fe6bcc8059196c5e')}
{'书名': '信谊世界精选图画书・鳄鱼怕怕牙医怕怕', '作者': '五味太郎', '出版日期': '2013-07-22', '_id': ObjectId('5e998d54fe6bcc8059196c5f')}
{'书名': '古文观止（上下）', '作者': '[清]吴楚材，吴调侯编钱素洲译', '出版日期': '2016-09-01', '_id': ObjectId('5e998d54fe6bcc8059196c60')}
{'书名': '原声触摸发声书：听，什么声音（套装全6册）', '作者': 'YOYO出版社著绘,步步联盟译', '出版日期': '2020-01-01', '_id': ObjectId('5e998d54fe6bcc8059196c61')}
{'书名': '云朵面包白希那经典绘本系列糖球', '作者': '[韩]白希那/著，明书/译', '出版日期': '2019-08-01', '_id': ObjectId('5e998d54fe6bcc8059196c62')}
{'书名': '人类群星闪耀时（《一个陌生女人的来信》作者茨威格的传记杰作，', '作者': '〔奥〕斯蒂芬・茨威格著，潘子力高中甫译', '出版日期': '2018-01-15', '_id': ObjectId('5e998d54fe6bcc8059196c63')}
{'书名': '解码青春期（了解青春期究竟发生了什么，帮助父母正面管教十几岁', '作者': '(美)乔希西普（JoshShipp）著，李峥嵘胡晓宇译青豆书坊出品', '出版日期': '2019-01-01', '_id': ObjectId('5e998d54fe6bcc8059196c64')}
{'书名': '小孩（大冰2019全新作品！5分钟销量6.3万册+，30分钟突破12.4万册', '作者': '大冰著,博集天卷出品', '出版日期': '2019-07-01', '_id': ObjectId('5e998d54fe6bcc8059196c65')}
{'书名': '草房子（当当网定制版）', '作者': '曹文轩', '出版日期': '2015-03-01', '_id': ObjectId('5e998d54fe6bcc8059196c66')}
{'书名': '呼吸（横扫国际国内各大好书榜单，《纽约时报》年度十佳！豆瓣年', '作者': '特德・姜著，耿辉、Ent、李克勤、姚向辉译', '出版日期': '2019-12-01', '_id': ObjectId('5e998d54fe6bcc8059196c67')}
{'书名': '刻意练习：如何从新手到大师团购电话:4001066666转6', '作者': '[美]安德斯・艾利克森、王正林', '出版日期': '2016-10-24', '_id': ObjectId('5e998d54fe6bcc8059196c68')}
{'书名': '新版林格伦作品选集・美绘版长袜子皮皮', '作者': '阿斯特丽德・林格伦著英格丽德・万・尼曼画', '出版日期': '2018-03-01', '_id': ObjectId('5e998d54fe6bcc8059196c69')}
{'书名': '会说话的汉字（全3册，当当独家配备《亲子阅读指导手册》）', '作者': '梅子涵', '出版日期': '2018-09-01', '_id': ObjectId('5e998d54fe6bcc8059196c6a')}
{'书名': '笑猫日记――幸运女神的宠儿', '作者': '杨红樱', '出版日期': '2019-12-01', '_id': ObjectId('5e998d54fe6bcc8059196c6b')}
